Fecha_Llamada	Telefono	Extension	Status	Duracion
2017-03-30 10:02:34	014767438780	228	Success	37
2017-03-30 10:09:44	013467131037	225	Success	65
2017-03-30 10:13:02	012444453395	206	Success	78
2017-03-30 10:18:06	014646476692	205	Success	589
2017-03-30 10:19:12	013584161805	206	Success	36
2017-03-30 10:19:41	014626258399	214	Success	72
2017-03-30 10:21:52	014696921234	216	Success	111
2017-03-30 10:22:08	013123126841	226	Success	33
2017-03-30 10:23:04	014327440882	225	ShortCall	6
2017-03-30 10:23:58	014696922205	216	Success	100
2017-03-30 10:25:47	014646481432	206	Success	63
2017-03-30 10:27:14	014771950554	212	Success	71
2017-03-30 10:28:46	014771675609	205	Success	178
2017-03-30 10:30:26	013123082765	216	Success	55
2017-03-30 10:33:20	014771485139	205	ShortCall	1
2017-03-30 10:33:17	014777796628	225	Success	144
2017-03-30 10:33:15	014777070112	212	Success	179
2017-03-30 10:35:33	014646484527	225	Success	123
2017-03-30 10:35:32	014116610104	213	Success	149
2017-03-30 10:36:29	014761191045	228	ShortCall	9
2017-03-30 10:39:32	014646480114	206	Success	260
2017-03-30 10:40:52	014696960108	205	ShortCall	4
2017-03-30 10:40:44	013123139105	215	Success	51
2017-03-30 10:41:53	014777848578	205	Success	86
2017-03-30 10:44:33	014777766784	205	ShortCall	2
2017-03-30 10:48:54	013424211890	205	Success	216
2017-03-30 10:55:36	014771670121	229	Success	28
2017-03-30 10:55:56	013121610589	212	ShortCall	6
2017-03-30 10:59:00	014767577409	205	Success	12
2017-03-30 11:01:52	014771676040	214	Success	48
2017-03-30 11:01:53	014171723651	228	ShortCall	1
2017-03-30 11:01:58	014767482143	228	Success	59
2017-03-30 11:10:48	014646472120	225	ShortCall	6
2017-03-30 11:11:19	014626220648	216	Success	98
2017-03-30 11:15:00	014296935240	212	Success	15
2017-03-30 11:14:48	013153552681	205	ShortCall	6
2017-03-30 11:16:41	014767060331	205	ShortCall	5
2017-03-30 11:18:32	013459180149	205	Success	32
2017-03-30 11:19:05	014696923382	205	Success	116
2017-03-30 11:19:12	014777718774	212	Success	41
2017-03-30 11:18:54	013459180334	212	Success	17
2017-03-30 11:21:00	013123086288	225	Success	52
2017-03-30 11:25:35	013123952456	213	Success	238
2017-03-30 11:27:13	014777720573	224	ShortCall	1
2017-03-30 11:27:13	014171723814	205	Success	206
2017-03-30 11:28:14	014737347820	228	Success	190
2017-03-30 11:29:03	014771673012	215	Success	20
2017-03-30 11:30:28	014731099572	206	Success	33
2017-03-30 11:30:31	013477885250	214	Success	30
2017-03-30 11:30:40	013123143072	226	ShortCall	8
2017-03-30 11:35:53	014777153871	212	Success	88
2017-03-30 11:36:38	014771675651	226	Success	40
2017-03-30 11:36:38	014327453468	215	Success	27
2017-03-30 11:36:38	013467874535	214	Success	25
2017-03-30 11:36:35	014777410309	224	Success	12
2017-03-30 11:38:11	014566437847	228	Success	109
2017-03-30 11:38:43	014727221012	214	Success	56
2017-03-30 11:38:49	014626279206	205	ShortCall	8
2017-03-30 11:38:51	014171722620	215	Success	30
2017-03-30 11:40:35	014696920853	206	Success	187
2017-03-30 11:42:18	014171720215	212	Success	389
2017-03-30 11:42:45	014777635606	228	Success	35
2017-03-30 11:42:29	014777071484	214	Success	34
2017-03-30 11:44:37	013477180979	226	Success	18
2017-03-30 11:44:23	013153551083	228	Success	184
2017-03-30 11:44:41	014327440916	225	ShortCall	2
2017-03-30 11:44:59	013123123230	224	Success	255
2017-03-30 11:46:02	014566438708	215	Success	21
2017-03-30 11:46:32	014777780806	205	Success	458
2017-03-30 11:48:08	014646416526	214	Success	34
2017-03-30 11:50:42	014327443566	226	ShortCall	6
2017-03-30 11:50:58	014771671124	229	Success	405
2017-03-30 11:52:44	014691018047	224	Success	14
2017-03-30 11:53:10	014767433253	214	Success	57
2017-03-30 11:53:38	014171601280	228	Success	82
2017-03-30 11:55:34	012444461269	206	Success	87
2017-03-30 11:58:08	012444464019	215	ShortCall	6
2017-03-30 11:58:46	014566494039	215	ShortCall	6
2017-03-30 11:59:17	013525222915	225	Success	14
2017-03-30 12:00:03	014767437000	226	Success	40
2017-03-30 11:59:59	014171722606	228	Success	46
2017-03-30 12:00:43	014696964077	212	Success	38
2017-03-30 12:00:34	013153552859	225	Success	30
2017-03-30 12:00:42	014737335131	214	Success	17
2017-03-30 12:00:37	014214765136	224	Success	22
2017-03-30 12:01:42	014777718385	215	Success	35
2017-03-30 12:01:49	014327080006	212	Success	32
2017-03-30 12:02:12	014772221178	225	Success	74
2017-03-30 12:02:46	014171558085	205	Success	108
2017-03-30 12:03:29	014327441876	212	Success	13
2017-03-30 12:03:38	014737318660	226	Success	48
2017-03-30 12:03:48	013153552609	228	ShortCall	6
2017-03-30 12:04:04	014646474293	213	Success	11
2017-03-30 12:05:00	014171724112	206	Success	500
2017-03-30 12:05:37	014566432372	212	ShortCall	9
2017-03-30 12:05:50	014646473316	216	Success	134
2017-03-30 12:06:09	014321191064	213	Success	199
2017-03-30 12:06:08	014327440402	229	Success	132
2017-03-30 12:06:40	014771945190	215	Success	51
2017-03-30 12:09:46	014777704250	213	ShortCall	10
2017-03-30 12:09:45	014626900208	212	Success	47
2017-03-30 12:09:45	014737333431	215	Success	16
2017-03-30 12:11:37	013459372434	216	Success	30
2017-03-30 12:12:02	013477181845	215	ShortCall	2
2017-03-30 12:12:03	013525264894	212	ShortCall	4
2017-03-30 12:14:43	014696940079	226	Success	23
2017-03-30 12:15:40	014327900186	205	Success	273
2017-03-30 12:15:37	013121361671	215	Success	76
2017-03-30 12:18:15	014116611402	206	Success	41
2017-03-30 12:21:10	014646416490	214	Success	69
2017-03-30 12:22:49	013123137062	214	Success	11
2017-03-30 12:22:46	013123124810	225	ShortCall	3
2017-03-30 12:25:07	014777797157	216	Success	17
2017-03-30 12:26:54	013525221943	226	Success	132
2017-03-30 12:28:31	013525227072	215	Success	86
2017-03-30 12:28:30	013424221863	216	Success	198
2017-03-30 12:30:42	014777161162	228	Success	23
2017-03-30 12:30:45	014771950579	212	Success	22
2017-03-30 12:31:59	014327443124	212	Success	61
2017-03-30 12:33:08	014727221767	214	Success	372
2017-03-30 12:33:42	013867540062	212	Success	23
2017-03-30 12:34:55	014777763433	205	Success	36
2017-03-30 12:34:52	014777703979	212	Success	22
2017-03-30 12:37:28	013123111902	216	Success	18
2017-03-30 12:37:54	014566917142	206	Success	80
2017-03-30 12:38:09	014327440304	229	Success	244
2017-03-30 12:39:29	014771954305	228	Success	60
2017-03-30 12:41:01	013123124722	205	Success	58
2017-03-30 12:41:14	014777120715	226	Success	21
2017-03-30 12:42:20	013123304326	226	Success	52
2017-03-30 12:42:03	014327900166	206	Success	71
2017-03-30 12:43:08	012444454587	205	Success	62
2017-03-30 12:44:29	014327452625	228	Success	98
2017-03-30 12:48:18	014767435214	214	Success	532
2017-03-30 12:48:34	014777413399	213	Success	35
2017-03-30 12:48:27	014777120313	212	Success	11
2017-03-30 12:49:01	014777702569	212	Success	65
2017-03-30 12:49:57	013153553301	213	Success	257
2017-03-30 12:52:39	014767430722	216	ShortCall	5
2017-03-30 13:11:48	014737346094	225	ShortCall	6
2017-03-30 13:12:18	013525261530	212	Success	33
2017-03-30 13:13:52	012444465500	212	Success	13
2017-03-30 13:15:46	013525263101	225	ShortCall	0
2017-03-30 13:15:50	014767431152	215	ShortCall	2
2017-03-30 13:16:15	014327440212	226	Success	21
2017-03-30 13:16:41	014777071395	215	ShortCall	5
2017-03-30 13:16:49	014566910069	205	Success	259
2017-03-30 13:19:59	014777725963	224	Success	55
2017-03-30 13:20:46	014777902337	215	Success	116
2017-03-30 13:22:25	014727232981	205	Success	371
2017-03-30 13:23:07	014171721487	216	Success	61
2017-03-30 13:23:40	013525265981	212	Success	17
2017-03-30 13:23:32	014767438241	212	ShortCall	7
2017-03-30 13:24:06	014777587038	229	ShortCall	9
2017-03-30 13:24:06	014777907376	225	Success	38
2017-03-30 13:24:49	013525264347	229	Success	14
2017-03-30 13:24:35	014777725755	216	Success	28
2017-03-30 13:25:52	013525213078	225	Success	39
2017-03-30 13:27:08	014171729023	225	Success	536
2017-03-30 13:29:08	014777906596	213	Success	306
2017-03-30 13:29:38	014777111070	212	Success	12
2017-03-30 13:30:15	014777121150	224	Success	161
2017-03-30 13:30:59	014771488047	212	ShortCall	8
2017-03-30 13:31:24	014566911069	228	Success	15
2017-03-30 13:32:22	014566432364	226	Success	96
2017-03-30 13:33:32	014771953369	215	Success	491
2017-03-30 13:34:41	013459180944	212	Success	129
2017-03-30 13:36:17	014327440480	213	Success	260
2017-03-30 13:38:57	014771673997	214	Success	29
2017-03-30 13:39:26	014777161006	225	Success	16
2017-03-30 13:40:36	013121610682	225	Success	168
2017-03-30 13:42:56	013477884820	228	Success	18
2017-03-30 13:42:50	013424220247	206	Success	47
2017-03-30 13:45:09	014777116642	205	ShortCall	2
2017-03-30 13:45:45	014696927916	213	Success	45
2017-03-30 13:46:52	014171601569	205	ShortCall	0
2017-03-30 13:47:49	014696960048	205	Success	59
2017-03-30 13:50:31	013459182107	228	Success	53
2017-03-30 13:51:54	014777110458	215	Success	154
2017-03-30 13:53:18	014777720451	212	ShortCall	1
2017-03-30 13:53:26	014566436338	228	Success	202
2017-03-30 13:57:49	014171556859	212	Success	16
2017-03-30 14:00:06	014767443049	215	Success	444
2017-03-30 14:00:30	014327063100	216	Success	246
2017-03-30 14:01:23	014696928039	226	ShortCall	3
2017-03-30 14:02:05	014174710971	212	Success	28
2017-03-30 14:04:58	014777783456	213	Success	145
2017-03-30 14:05:19	014767435250	225	Success	77
2017-03-30 14:08:11	014641138407	215	Success	184
2017-03-30 14:08:22	014171722959	213	Success	96
2017-03-30 14:08:52	014327441202	228	Success	491
2017-03-30 14:09:16	014566435608	224	ShortCall	8
2017-03-30 14:10:32	014171723466	224	Success	195
2017-03-30 14:10:59	014566433041	205	Success	42
2017-03-30 14:12:19	013584162401	205	Success	75
2017-03-30 14:12:21	013525251115	213	Success	11
2017-03-30 14:12:18	013525262516	206	Success	79
2017-03-30 14:13:35	013459370994	214	Success	166
2017-03-30 14:14:17	013525254278	206	Success	287
2017-03-30 14:14:51	013525221046	229	Success	18
2017-03-30 14:17:22	014777120563	205	Success	22
2017-03-30 14:17:33	014737345170	214	Success	197
2017-03-30 14:18:46	014696925672	205	Success	120
2017-03-30 14:21:47	013477885437	226	ShortCall	3
2017-03-30 14:22:42	014771673674	228	Success	141
2017-03-30 14:23:13	014641138104	225	Success	45
2017-03-30 14:23:44	014696927672	224	Success	41
2017-03-30 14:24:24	013424220548	212	Success	33
2017-03-30 14:25:55	014696920186	212	Success	13
2017-03-30 14:26:27	014777410084	213	Success	36
2017-03-30 14:27:25	014646475920	214	Success	32
2017-03-30 14:28:37	013123082376	214	Success	96
2017-03-30 14:29:19	014171723184	229	ShortCall	8
2017-03-30 14:29:11	014777618404	224	Success	58
2017-03-30 14:29:40	014777765552	228	Success	16
2017-03-30 14:29:39	014771957047	213	Success	45
2017-03-30 14:30:20	014727917911	206	Success	68
2017-03-30 14:31:19	014646423409	213	Success	106
2017-03-30 14:31:39	013525211000	229	Success	11
2017-03-30 14:32:28	014767434060	206	Success	67
2017-03-30 14:32:32	014767435752	229	ShortCall	8
2017-03-30 14:32:31	014327063136	214	Success	31
2017-03-30 14:32:36	013525255023	205	Success	119
2017-03-30 14:32:42	014621141302	212	Success	13
2017-03-30 14:32:28	014566431524	224	Success	120
2017-03-30 14:33:18	014116611572	226	Success	97
2017-03-30 14:34:24	014767437233	216	Success	12
2017-03-30 14:35:29	014327440923	216	Success	76
2017-03-30 14:35:44	014214536089	226	Success	42
2017-03-30 14:36:50	014771043078	205	Success	21
2017-03-30 14:37:33	014566433321	216	Success	119
2017-03-30 14:39:03	013467873519	212	Success	21
2017-03-30 14:40:03	014566438607	205	Success	44
2017-03-30 14:40:25	014777073241	216	Success	16
2017-03-30 14:42:24	014737345535	205	Success	27
2017-03-30 14:44:17	014626066130	225	Success	515
2017-03-30 14:46:02	014327440706	212	Success	36
2017-03-30 14:47:08	014327441555	224	Success	177
2017-03-30 14:47:15	014646472556	216	Success	56
2017-03-30 14:47:46	014646411979	212	Success	18
2017-03-30 14:47:35	014566910251	205	Success	15
2017-03-30 14:47:39	014566492046	228	Success	236
2017-03-30 14:49:27	014767438689	205	Success	50
2017-03-30 14:50:21	014777795021	206	Success	48
2017-03-30 14:51:18	013525225107	214	Success	55
2017-03-30 14:52:05	014767445680	215	Success	11
2017-03-30 14:52:26	014777077723	205	Success	11
2017-03-30 14:52:37	014296910775	215	ShortCall	6
2017-03-30 14:53:30	014767432578	224	ShortCall	10
2017-03-30 14:55:08	013123123869	213	Success	27
2017-03-30 14:55:48	014777725057	224	Success	72
2017-03-30 14:56:16	014646489248	213	ShortCall	5
2017-03-30 14:57:02	013487184304	214	Success	74
2017-03-30 14:58:26	014767063014	213	Success	40
2017-03-30 15:01:22	013123076953	215	ShortCall	1
2017-03-30 15:02:23	014327080062	212	Success	27
2017-03-30 15:03:11	014566438955	228	Success	57
2017-03-30 15:03:52	013467873187	214	Success	16
2017-03-30 15:05:31	014696927091	228	Success	34
2017-03-30 15:05:29	014777808933	229	Success	15
2017-03-30 15:05:32	014777168841	214	Success	104
2017-03-30 15:08:16	014171603176	216	Success	79
2017-03-30 15:08:12	013264348002	212	Success	77
2017-03-30 15:08:31	014696927912	224	Success	33
2017-03-30 15:08:53	014646564249	214	Success	19
2017-03-30 15:09:33	014771944279	215	Success	16
2017-03-30 15:11:35	014171605012	224	Success	55
2017-03-30 15:11:44	014767439707	229	Success	55
2017-03-30 15:13:43	014737322384	216	ShortCall	3
2017-03-30 15:13:57	013525226085	225	Success	213
2017-03-30 15:16:55	014696929100	224	Success	23
2017-03-30 15:17:05	013123127188	215	Success	87
2017-03-30 15:18:42	014566430594	225	ShortCall	9
2017-03-30 15:21:37	014171727964	215	Success	17
2017-03-30 15:22:20	014696922886	216	Success	237
2017-03-30 15:22:50	014696920812	215	Success	72
2017-03-30 15:22:57	014777643812	228	Success	24
2017-03-30 15:26:38	014566438207	225	Success	77
2017-03-30 15:26:36	014646494264	216	Success	121
2017-03-30 15:27:39	014777772776	215	Success	63
2017-03-30 15:27:46	014646488803	205	Success	67
2017-03-30 15:28:06	014767432500	214	Success	308
2017-03-30 15:28:21	014767063030	206	ShortCall	1
2017-03-30 15:29:55	014696952015	205	Success	43
2017-03-30 15:30:36	014626246544	225	Success	46
2017-03-30 15:31:00	014737328917	226	Success	31
2017-03-30 15:33:31	013424211992	216	Success	81
2017-03-30 15:34:34	013424211305	205	ShortCall	10
2017-03-30 15:35:59	013584162204	205	ShortCall	9
2017-03-30 15:38:55	014771670761	224	Success	400
2017-03-30 15:38:58	014171614743	226	ShortCall	0
2017-03-30 15:39:15	014727224701	228	Success	40
2017-03-30 15:40:59	013525253117	229	Success	12
2017-03-30 15:40:59	014327441674	205	ShortCall	7
2017-03-30 15:41:44	014777810445	212	Success	60
2017-03-30 15:41:47	014171603482	215	ShortCall	3
2017-03-30 15:42:11	014771946376	206	Success	21
2017-03-30 15:44:22	014771487345	212	Success	23
2017-03-30 15:45:31	014646471311	225	Success	20
2017-03-30 15:46:18	014777907239	226	Success	178
2017-03-30 15:46:18	014777765947	225	Success	26
2017-03-30 15:47:46	014696922510	214	Success	36
2017-03-30 15:50:42	014171727507	206	ShortCall	7
2017-03-30 15:50:18	013121614413	226	ShortCall	4
2017-03-30 09:59:54	014646484989	212	Success	38
2017-03-30 10:00:42	014327442389	206	Success	594
2017-03-30 10:00:49	014646493246	205	Success	219
2017-03-30 10:00:57	014771671353	228	Success	68
2017-03-30 10:00:54	014646410343	215	Success	34
2017-03-30 10:00:56	014327453880	225	Success	163
2017-03-30 10:01:04	014566435625	212	Success	40
2017-03-30 10:01:14	013584161610	226	ShortCall	4
2017-03-30 10:01:51	014777120833	226	Success	11
2017-03-30 10:02:17	014171720826	213	Success	39
2017-03-30 10:02:22	014767436497	212	Success	169
2017-03-30 10:02:17	014771954144	215	Success	470
2017-03-30 10:02:25	014327441537	226	Success	63
2017-03-30 10:02:27	014566436878	228	Success	25
2017-03-30 10:03:32	013477181723	226	Success	25
2017-03-30 10:03:22	014566435291	213	Success	318
2017-03-30 10:03:51	014646480705	225	Success	149
2017-03-30 10:03:49	013525251040	228	Success	35
2017-03-30 10:03:54	013123961138	226	Success	61
2017-03-30 10:04:54	014767432117	228	Success	262
2017-03-30 10:05:17	014777708509	212	Success	15
2017-03-30 10:05:15	013414141844	226	Success	41
2017-03-30 10:06:03	014737340036	226	Success	404
2017-03-30 10:05:59	014777185590	212	Success	49
2017-03-30 10:06:14	012444450391	225	Success	88
2017-03-30 10:07:16	014727911232	229	Success	30
2017-03-30 10:07:29	012447618840	212	ShortCall	4
2017-03-30 10:07:48	013123964873	212	Success	436
2017-03-30 10:07:44	014171724101	229	Success	44
2017-03-30 10:08:22	014777113384	205	Success	42
2017-03-30 10:08:22	014777118409	225	Success	12
2017-03-30 10:08:42	014777768384	229	ShortCall	0
2017-03-30 10:08:56	014767437160	213	Success	51
2017-03-30 10:08:53	014296930764	225	Success	11
2017-03-30 10:09:49	014566492104	205	Success	148
2017-03-30 10:09:53	013487885201	228	Success	64
2017-03-30 10:09:55	014777800757	213	ShortCall	2
2017-03-30 10:10:18	014626335310	213	ShortCall	2
2017-03-30 10:10:01	014621353619	213	Success	24
2017-03-30 10:10:12	013123131235	215	Success	171
2017-03-30 10:11:16	014777701926	214	Success	144
2017-03-30 10:11:29	014727224806	206	Success	64
2017-03-30 10:11:34	014772187520	228	Success	79
2017-03-30 10:11:31	014696924725	225	Success	93
2017-03-30 10:12:57	014566438144	213	Success	155
2017-03-30 10:13:03	014566430658	228	Success	21
2017-03-30 10:13:04	014116610511	205	Success	34
2017-03-30 10:12:52	014771952043	205	ShortCall	3
2017-03-30 10:13:11	014327441040	215	Success	161
2017-03-30 10:13:09	014646474452	225	Success	22
2017-03-30 10:13:19	013487184739	228	Success	534
2017-03-30 10:13:23	014626254398	225	ShortCall	0
2017-03-30 10:13:25	013447841544	225	ShortCall	1
2017-03-30 10:14:02	013467131419	205	Success	32
2017-03-30 10:14:01	014566431653	225	Success	12
2017-03-30 10:14:10	013424220146	225	Success	258
2017-03-30 10:14:14	014327441426	206	Success	79
2017-03-30 10:14:29	013123952335	216	Success	251
2017-03-30 10:15:05	014777713905	205	ShortCall	1
2017-03-30 10:15:15	014327440959	205	Success	138
2017-03-30 10:16:06	014737329817	213	Success	98
2017-03-30 10:16:05	014696923033	214	Success	22
2017-03-30 10:16:20	014626245835	215	Success	23
2017-03-30 10:16:15	014767579084	206	Success	84
2017-03-30 10:16:20	014696942047	226	ShortCall	9
2017-03-30 10:16:36	013424221349	214	Success	14
2017-03-30 10:16:33	014327441004	212	Success	35
2017-03-30 10:16:54	014777806157	226	ShortCall	6
2017-03-30 10:17:11	013123124418	214	Success	13
2017-03-30 10:17:16	012441080282	226	Success	112
2017-03-30 10:17:08	013123085520	215	Success	179
2017-03-30 10:17:12	013414141970	224	Success	17
2017-03-30 10:17:16	012441080343	212	ShortCall	0
2017-03-30 10:17:29	012444455966	214	ShortCall	1
2017-03-30 10:17:36	014171721234	214	Success	36
2017-03-30 10:17:22	014777185542	212	Success	303
2017-03-30 10:17:43	014771043575	205	Success	19
2017-03-30 10:17:59	013467873398	206	Success	54
2017-03-30 10:18:08	014771488091	214	Success	57
2017-03-30 10:18:04	014767436674	213	Success	99
2017-03-30 10:19:31	012444455509	226	Success	125
2017-03-30 10:19:55	014767069808	206	Success	336
2017-03-30 10:19:43	013477140397	213	Success	64
2017-03-30 10:20:46	014327440954	229	Success	65
2017-03-30 10:20:47	014641137011	213	Success	345
2017-03-30 10:20:48	014777136284	214	Success	28
2017-03-30 10:21:08	014767061846	215	ShortCall	9
2017-03-30 10:22:04	013121613410	215	Success	62
2017-03-30 10:22:10	014696923133	229	Success	120
2017-03-30 10:22:06	014777114106	214	Success	47
2017-03-30 10:22:22	014566424323	212	ShortCall	4
2017-03-30 10:23:10	013123308294	226	Success	44
2017-03-30 10:23:16	014771039407	214	Success	141
2017-03-30 10:23:20	014327063251	224	Success	29
2017-03-30 10:23:31	014566436356	225	Success	110
2017-03-30 10:23:44	014767060113	215	ShortCall	9
2017-03-30 10:24:14	014327440121	224	Success	29
2017-03-30 10:24:25	014767437759	226	Success	303
2017-03-30 10:24:27	014767060952	229	Success	92
2017-03-30 10:24:24	014566437171	215	Success	63
2017-03-30 10:24:38	014771485899	224	Success	480
2017-03-30 10:25:18	014771946893	212	Success	13
2017-03-30 10:25:23	014737345588	225	Success	195
2017-03-30 10:25:33	013123140982	215	ShortCall	4
2017-03-30 10:25:58	014767060624	212	Success	56
2017-03-30 10:26:10	014646415017	215	Success	63
2017-03-30 10:26:18	014771042121	216	Success	26
2017-03-30 10:26:26	014116612009	229	Success	31
2017-03-30 10:26:31	014777167973	213	ShortCall	5
2017-03-30 10:26:38	014771952053	216	Success	113
2017-03-30 10:27:00	014771950011	206	Success	606
2017-03-30 10:27:44	014727221371	229	ShortCall	8
2017-03-30 10:27:50	014737325854	229	Success	83
2017-03-30 10:27:46	014696923942	215	Success	64
2017-03-30 10:28:58	014777915217	225	Success	247
2017-03-30 10:28:59	014771049184	216	Success	73
2017-03-30 10:29:06	014737331681	215	Success	497
2017-03-30 10:29:14	013467876361	229	Success	127
2017-03-30 10:29:18	014646411932	212	Success	76
2017-03-30 10:29:26	014171601014	226	Success	95
2017-03-30 10:29:16	014171722672	212	ShortCall	2
2017-03-30 10:30:43	014696950329	212	Success	39
2017-03-30 10:31:48	013123112302	229	Success	579
2017-03-30 10:31:41	014696923910	214	Success	33
2017-03-30 10:31:46	014566435727	216	Success	207
2017-03-30 10:31:46	014566431928	226	Success	76
2017-03-30 10:31:52	014777717129	212	Success	39
2017-03-30 10:31:54	014777753902	205	Success	26
2017-03-30 10:32:41	014771671195	205	Success	29
2017-03-30 10:32:45	014566490187	212	Success	16
2017-03-30 10:32:46	012444459226	224	ShortCall	5
2017-03-30 10:33:17	012444465768	226	ShortCall	1
2017-03-30 10:33:14	014767060533	224	Success	73
2017-03-30 10:33:32	014777070371	226	Success	262
2017-03-30 10:33:33	014566491221	213	Success	109
2017-03-30 10:33:49	014767444505	205	Success	48
2017-03-30 10:34:20	014777726177	228	ShortCall	8
2017-03-30 10:34:57	014626272921	224	ShortCall	6
2017-03-30 10:34:43	012444458626	224	ShortCall	1
2017-03-30 10:34:54	014621047082	205	Success	11
2017-03-30 10:34:53	014626279421	228	Success	79
2017-03-30 10:35:00	013477882524	224	ShortCall	0
2017-03-30 10:35:21	014777187575	224	Success	15
2017-03-30 10:35:31	013123951287	205	Success	131
2017-03-30 10:35:33	014696923050	224	Success	88
2017-03-30 10:36:33	014621146015	212	Success	30
2017-03-30 10:36:33	014116610159	228	Success	53
2017-03-30 10:37:21	014626258101	212	Success	253
2017-03-30 10:37:30	014777112292	224	Success	790
2017-03-30 10:37:33	014767577532	216	Success	524
2017-03-30 10:37:52	014777155684	215	Success	143
2017-03-30 10:37:47	014777156720	228	Success	411
2017-03-30 10:37:50	013153339764	205	ShortCall	5
2017-03-30 10:38:08	014327080047	225	Success	59
2017-03-30 10:38:22	014327446012	205	Success	89
2017-03-30 10:38:17	013123142371	205	Success	10
2017-03-30 10:38:19	014767450032	213	Success	97
2017-03-30 10:39:37	014646485940	225	Success	51
2017-03-30 10:39:34	014327453898	214	Success	62
2017-03-30 10:39:55	013414140559	213	Success	139
2017-03-30 10:40:03	013447842157	205	Success	11
2017-03-30 10:40:34	014171725116	214	Success	41
2017-03-30 10:40:29	014696924244	205	Success	31
2017-03-30 10:40:41	014777731484	225	Success	90
2017-03-30 10:40:34	014777138170	225	ShortCall	6
2017-03-30 10:41:29	014771048174	214	Success	12
2017-03-30 10:41:46	014771487895	214	Success	40
2017-03-30 10:41:45	014696921629	215	Success	28
2017-03-30 10:42:29	014696923313	225	Success	107
2017-03-30 10:42:40	014566431761	213	Success	333
2017-03-30 10:42:32	014696920754	215	Success	40
2017-03-30 10:43:25	013467874854	215	Success	135
2017-03-30 10:43:51	013123111462	206	Success	22
2017-03-30 10:43:40	014171618090	226	Success	482
2017-03-30 10:43:49	014777131153	205	ShortCall	3
2017-03-30 10:44:10	014696927101	205	ShortCall	5
2017-03-30 10:44:29	014777153566	206	Success	84
2017-03-30 10:44:39	014626337038	225	Success	97
2017-03-30 10:44:40	014771046344	214	ShortCall	3
2017-03-30 10:45:00	013525263112	205	Success	110
2017-03-30 10:45:04	014646485203	214	Success	43
2017-03-30 10:46:02	014767431102	215	ShortCall	1
2017-03-30 10:46:10	014767439962	214	Success	367
2017-03-30 10:46:29	014327580100	206	Success	192
2017-03-30 10:46:36	014771195316	225	Success	210
2017-03-30 10:46:33	014696952146	215	Success	190
2017-03-30 10:46:43	014171722484	212	ShortCall	1
2017-03-30 10:46:51	013477182479	212	Success	34
2017-03-30 10:47:00	014566430789	205	Success	17
2017-03-30 10:47:42	014296931105	205	ShortCall	8
2017-03-30 10:48:02	013477181535	205	ShortCall	5
2017-03-30 10:47:57	013525222544	212	Success	21
2017-03-30 10:48:03	014771192015	205	ShortCall	7
2017-03-30 10:48:09	013525213274	213	Success	53
2017-03-30 10:48:40	014566490262	228	ShortCall	7
2017-03-30 10:48:43	014646564471	216	Success	205
2017-03-30 10:49:09	013467130951	212	Success	194
2017-03-30 10:49:11	014771953363	228	ShortCall	1
2017-03-30 10:49:22	014771945196	213	Success	90
2017-03-30 10:49:48	014646488379	229	Success	127
2017-03-30 10:49:49	014777584075	228	Success	49
2017-03-30 10:50:05	014696925587	225	Success	33
2017-03-30 10:50:16	014737342128	206	Success	248
2017-03-30 10:51:11	014777112308	224	Success	396
2017-03-30 10:51:17	013467874569	213	Success	763
2017-03-30 10:52:01	014646410375	226	Success	177
2017-03-30 10:52:30	012253150226	216	Success	201
2017-03-30 10:52:27	014737310172	229	Success	76
2017-03-30 10:52:38	014171726320	212	Success	54
2017-03-30 10:53:01	014646474586	214	Success	11
2017-03-30 10:53:33	014327443083	214	Success	201
2017-03-30 10:53:39	014777161785	212	ShortCall	5
2017-03-30 10:54:00	013121614060	212	Success	20
2017-03-30 10:54:20	013424221720	229	Success	77
2017-03-30 10:55:19	013467130638	205	Success	12
2017-03-30 10:55:20	014327453025	226	Success	237
2017-03-30 10:55:35	014777183457	205	Success	27
2017-03-30 10:56:19	014777125260	215	Success	57
2017-03-30 10:56:33	014777770092	212	Success	409
2017-03-30 10:56:48	014767576025	205	ShortCall	9
2017-03-30 10:56:51	012444452865	229	Success	54
2017-03-30 10:56:57	013525213106	214	ShortCall	6
2017-03-30 10:57:08	014116611324	206	Success	44
2017-03-30 10:57:11	014777773112	205	Success	107
2017-03-30 10:57:19	014171726575	215	Success	29
2017-03-30 10:57:40	014696922399	229	Success	135
2017-03-30 10:58:15	014696957159	206	Success	138
2017-03-30 10:58:14	014777629380	215	ShortCall	1
2017-03-30 10:58:58	014777809617	215	Success	39
2017-03-30 10:59:33	012447615201	214	Success	66
2017-03-30 11:00:14	012444436148	216	Success	294
2017-03-30 11:00:18	013525261160	228	Success	89
2017-03-30 11:00:13	014696960117	224	Success	20
2017-03-30 11:00:16	014626601125	226	ShortCall	3
2017-03-30 11:00:19	014767438373	229	Success	34
2017-03-30 11:00:15	013123126270	205	Success	15
2017-03-30 11:00:31	014646410997	226	ShortCall	1
2017-03-30 11:00:17	014327063005	215	Success	25
2017-03-30 11:01:00	014777811813	205	Success	656
2017-03-30 11:01:03	014321193081	214	Success	28
2017-03-30 11:01:01	014327080186	224	Success	462
2017-03-30 11:01:03	014767434937	206	Success	11
2017-03-30 11:01:02	013123237865	226	Success	141
2017-03-30 11:01:10	014327900365	206	ShortCall	1
2017-03-30 11:01:04	013123113538	215	Success	17
2017-03-30 11:01:23	014767577458	206	Success	106
2017-03-30 11:01:10	014566430575	229	Success	65
2017-03-30 11:01:30	012444454520	215	ShortCall	2
2017-03-30 11:01:48	013525264408	215	Success	89
2017-03-30 11:03:15	014646417931	225	Success	150
2017-03-30 11:03:27	014777185865	228	ShortCall	7
2017-03-30 11:03:21	013584160208	229	Success	13
2017-03-30 11:03:41	014737330414	215	Success	108
2017-03-30 11:03:32	014767439281	206	Success	101
2017-03-30 11:03:42	014767482119	226	Success	26
2017-03-30 11:03:51	014646481065	229	Success	419
2017-03-30 11:03:52	014171728605	228	ShortCall	9
2017-03-30 11:03:55	013123114145	213	ShortCall	3
2017-03-30 11:03:55	014566494224	228	Success	191
2017-03-30 11:04:24	014771980521	226	Success	55
2017-03-30 11:05:29	014777717079	212	Success	24
2017-03-30 11:05:40	014727223269	216	Success	67
2017-03-30 11:05:32	014767437031	213	Success	42
2017-03-30 11:05:49	013123305748	215	ShortCall	5
2017-03-30 11:05:56	014767431654	226	Success	226
2017-03-30 11:05:41	013525261169	206	Success	80
2017-03-30 11:05:52	014646489662	225	ShortCall	8
2017-03-30 11:05:50	014566438651	214	Success	18
2017-03-30 11:05:42	014777134099	226	ShortCall	6
2017-03-30 11:06:13	014646485971	212	Success	22
2017-03-30 11:06:19	014327063046	215	Success	13
2017-03-30 11:06:23	014771950717	225	Success	16
2017-03-30 11:06:30	014696921751	215	ShortCall	7
2017-03-30 11:06:27	013264348122	214	Success	40
2017-03-30 11:06:51	014327063070	212	Success	21
2017-03-30 11:07:06	014327452015	225	Success	11
2017-03-30 11:07:09	013123966071	215	Success	45
2017-03-30 11:07:18	013434310363	206	Success	43
2017-03-30 11:07:26	014327441586	214	Success	57
2017-03-30 11:07:37	014327441523	212	Success	28
2017-03-30 11:07:38	012253152520	228	Success	121
2017-03-30 11:07:40	014174715178	225	Success	69
2017-03-30 11:08:00	014327063103	206	Success	39
2017-03-30 11:08:53	014566421094	212	Success	18
2017-03-30 11:08:38	014327452936	214	Success	38
2017-03-30 11:08:55	012444443428	206	Success	80
2017-03-30 11:08:57	014771953191	224	ShortCall	8
2017-03-30 11:08:59	014771670697	225	Success	10
2017-03-30 11:09:36	014777761342	212	Success	45
2017-03-30 11:09:34	014646415489	225	Success	67
2017-03-30 11:09:37	013525240093	214	Success	22
2017-03-30 11:09:56	014777760577	228	ShortCall	7
2017-03-30 11:10:01	014696964156	214	Success	116
2017-03-30 11:10:09	014646484151	228	Success	97
2017-03-30 11:10:48	014737341830	212	Success	21
2017-03-30 11:10:57	014767437543	229	Success	267
2017-03-30 11:11:28	014696923801	215	Success	122
2017-03-30 11:11:20	014171726037	225	Success	19
2017-03-30 11:11:42	014777120741	212	Success	39
2017-03-30 11:11:45	014646476473	228	Success	711
2017-03-30 11:11:32	014626600492	212	Success	10
2017-03-30 11:11:39	013467872606	225	Success	46
2017-03-30 11:12:46	014777070903	214	Success	22
2017-03-30 11:12:47	014696921937	212	Success	27
2017-03-30 11:13:18	013424210898	225	Success	22
2017-03-30 11:13:25	013584162927	216	ShortCall	3
2017-03-30 11:13:34	014696968233	205	ShortCall	6
2017-03-30 11:13:37	013424210872	214	Success	367
2017-03-30 11:13:39	013121614677	212	Success	12
2017-03-30 11:13:55	014171722703	205	Success	42
2017-03-30 11:13:43	014646412627	226	Success	90
2017-03-30 11:13:51	014646562602	216	Success	110
2017-03-30 11:13:51	012444454134	215	Success	53
2017-03-30 11:13:59	012444436283	225	ShortCall	2
2017-03-30 11:14:03	014171722637	225	Success	81
2017-03-30 11:14:08	013414144957	212	Success	36
2017-03-30 11:14:03	014767060604	212	ShortCall	1
2017-03-30 11:15:18	014566421070	205	Success	60
2017-03-30 11:15:10	013525258158	215	Success	372
2017-03-30 11:15:12	014566439090	226	Success	32
2017-03-30 11:15:12	012444450252	205	ShortCall	1
2017-03-30 11:15:20	014696923316	212	ShortCall	1
2017-03-30 11:15:29	012444460907	229	Success	176
2017-03-30 11:15:22	014777153305	212	ShortCall	0
2017-03-30 11:15:43	014566421092	224	Success	34
2017-03-30 11:15:28	014767438754	212	ShortCall	1
2017-03-30 11:15:45	014626222633	212	Success	34
2017-03-30 11:15:59	014767066084	226	Success	16
2017-03-30 11:15:56	014646481449	216	Success	260
2017-03-30 11:16:20	014646481601	224	Success	15
2017-03-30 11:16:08	014771954164	226	ShortCall	4
2017-03-30 11:16:44	014777135584	226	ShortCall	0
2017-03-30 11:16:52	014646470173	226	Success	17
2017-03-30 11:16:42	014646489482	212	Success	70
2017-03-30 11:16:50	014327080129	224	Success	174
2017-03-30 11:16:57	014626254139	205	ShortCall	2
2017-03-30 11:17:04	014646482116	225	Success	60
2017-03-30 11:17:21	014171722243	205	Success	38
2017-03-30 11:17:25	013123132156	226	ShortCall	7
2017-03-30 11:18:09	014566437338	226	Success	264
2017-03-30 11:18:17	014767575015	212	Success	24
2017-03-30 11:18:39	012444460344	225	Success	13
2017-03-30 11:18:47	014737340620	212	ShortCall	2
2017-03-30 11:18:50	014767443723	229	Success	104
2017-03-30 11:18:45	013123304468	229	ShortCall	1
2017-03-30 11:19:00	014566491355	225	Success	79
2017-03-30 11:20:14	014777121349	224	Success	103
2017-03-30 11:20:19	013459180499	212	Success	47
2017-03-30 11:20:29	014771949156	216	Success	124
2017-03-30 11:20:40	014327441538	225	Success	10
2017-03-30 11:20:38	014174710820	214	ShortCall	5
2017-03-30 11:20:51	014727222696	229	Success	442
2017-03-30 11:20:57	014327452835	214	Success	366
2017-03-30 11:21:10	014777745747	205	Success	19
2017-03-30 11:21:04	014777887122	205	ShortCall	0
2017-03-30 11:21:26	014176616428	212	ShortCall	2
2017-03-30 11:21:44	014737345901	205	Success	22
2017-03-30 11:22:20	014327440996	224	Success	157
2017-03-30 11:22:26	014327441521	226	ShortCall	2
2017-03-30 11:22:15	014626264330	225	ShortCall	2
2017-03-30 11:22:26	013163711576	205	Success	30
2017-03-30 11:22:24	014777181019	205	ShortCall	3
2017-03-30 11:23:02	014646488279	215	ShortCall	0
2017-03-30 11:23:12	014566436487	225	Success	16
2017-03-30 11:23:14	014566432211	216	Success	45
2017-03-30 11:23:16	014327441361	205	Success	71
2017-03-30 11:23:54	014646412027	215	ShortCall	1
2017-03-30 11:24:14	014646476014	206	ShortCall	8
2017-03-30 11:24:29	014772187231	216	Success	51
2017-03-30 11:24:23	013424210677	215	Success	50
2017-03-30 10:07:22	014696922830	205	Success	57
2017-03-30 10:07:32	014727223246	212	Success	16
2017-03-30 10:09:32	013459325225	229	Success	27
2017-03-30 10:10:07	014777118718	229	Success	73
2017-03-30 10:10:33	014727222657	213	Success	110
2017-03-30 10:11:35	014767069707	229	Success	334
2017-03-30 10:13:12	012444451726	224	Success	224
2017-03-30 10:18:43	014777778443	216	ShortCall	4
2017-03-30 10:19:49	013123965117	206	ShortCall	1
2017-03-30 10:20:05	014327452803	215	Success	61
2017-03-30 10:23:22	014777164985	215	Success	15
2017-03-30 10:28:50	013123309735	212	ShortCall	5
2017-03-30 10:29:10	013424223135	212	Success	14
2017-03-30 10:31:34	014646489146	228	Success	126
2017-03-30 10:32:07	014696928084	214	Success	401
2017-03-30 10:33:56	014327063001	228	Success	13
2017-03-30 10:35:31	014777072046	216	Success	99
2017-03-30 10:40:32	014327900236	215	Success	13
2017-03-30 10:41:20	014737345630	205	Success	29
2017-03-30 10:42:55	014566917253	214	Success	93
2017-03-30 10:43:40	014727224888	229	Success	329
2017-03-30 10:43:59	013584160003	205	ShortCall	1
2017-03-30 10:46:25	014171601521	212	ShortCall	4
2017-03-30 10:50:04	014771945548	206	Success	18
2017-03-30 10:50:49	014171557171	228	Success	521
2017-03-30 10:51:09	013123210442	225	Success	550
2017-03-30 10:54:23	013424221904	212	Success	48
2017-03-30 10:55:24	014771048772	212	Success	24
2017-03-30 10:56:32	013123130507	216	Success	147
2017-03-30 10:58:43	014767431292	215	Success	12
2017-03-30 11:03:26	014767060809	214	Success	134
2017-03-30 11:07:12	014646562871	216	Success	222
2017-03-30 11:07:51	014171724598	215	Success	186
2017-03-30 11:08:10	014737329257	212	Success	14
2017-03-30 11:09:29	012253151643	224	Success	19
2017-03-30 11:10:43	013584164252	206	Success	623
2017-03-30 11:15:29	014646476812	225	Success	81
2017-03-30 11:21:25	014737346665	206	Success	125
2017-03-30 11:21:27	014327580190	212	Success	498
2017-03-30 11:23:57	013584160430	225	Success	17
2017-03-30 11:25:40	014777183543	226	Success	101
2017-03-30 11:26:02	014737326700	225	Success	14
2017-03-30 11:26:40	014737328533	206	ShortCall	4
2017-03-30 11:29:20	014626241112	216	ShortCall	9
2017-03-30 11:29:51	012444451079	225	Success	72
2017-03-30 11:30:32	014327080141	224	Success	11
2017-03-30 11:30:45	014646494191	229	Success	15
2017-03-30 11:31:01	014777766355	215	ShortCall	2
2017-03-30 11:36:13	013584166293	213	Success	60
2017-03-30 11:36:28	014777184268	205	Success	36
2017-03-30 11:36:51	014566491308	229	Success	31
2017-03-30 11:37:29	013477881400	216	Success	70
2017-03-30 11:37:38	014696928049	206	Success	29
2017-03-30 11:37:41	014777753285	225	Success	14
2017-03-30 11:38:22	014696922190	224	ShortCall	0
2017-03-30 11:39:18	014646484646	213	Success	23
2017-03-30 11:39:29	014566495092	226	Success	39
2017-03-30 11:39:35	013414140071	212	ShortCall	0
2017-03-30 11:39:53	014327063089	229	Success	511
2017-03-30 11:39:58	014767439209	225	Success	35
2017-03-30 11:40:37	012253151182	224	Success	205
2017-03-30 11:41:36	014646493559	216	Success	50
2017-03-30 11:42:06	014296346007	205	ShortCall	9
2017-03-30 11:42:09	014696924137	215	Success	46
2017-03-30 11:42:42	013477180189	213	Success	132
2017-03-30 11:42:50	014777077240	226	Success	43
2017-03-30 11:43:19	014566436522	225	Success	20
2017-03-30 11:43:43	014626070663	216	Success	419
2017-03-30 11:43:39	014771673897	205	Success	63
2017-03-30 11:44:10	013424210307	215	ShortCall	1
2017-03-30 11:44:20	013525253340	214	Success	16
2017-03-30 11:44:52	014737329461	206	Success	44
2017-03-30 11:46:03	013467872890	214	ShortCall	1
2017-03-30 11:46:42	014696922933	225	Success	229
2017-03-30 11:47:04	013123126099	213	Success	15
2017-03-30 11:47:26	013153551558	226	Success	23
2017-03-30 11:48:01	014767451371	206	Success	274
2017-03-30 11:49:17	014327440173	215	Success	52
2017-03-30 11:50:08	013424221172	213	ShortCall	1
2017-03-30 11:51:02	014777136625	214	Success	32
2017-03-30 11:51:07	014566427079	215	Success	61
2017-03-30 11:52:02	014696922003	228	ShortCall	6
2017-03-30 11:52:53	014771981038	226	Success	86
2017-03-30 11:53:37	013123303107	225	ShortCall	9
2017-03-30 11:53:44	014327440511	215	Success	14
2017-03-30 11:54:48	014777077729	225	ShortCall	5
2017-03-30 11:54:39	014737325901	212	ShortCall	3
2017-03-30 11:57:08	012444453428	205	Success	232
2017-03-30 11:57:52	014327445056	212	Success	52
2017-03-30 12:01:09	013525247102	228	Success	96
2017-03-30 12:01:28	012444460702	205	Success	52
2017-03-30 12:02:11	014646472021	214	ShortCall	5
2017-03-30 12:02:11	014737346548	224	ShortCall	1
2017-03-30 12:02:44	014171558063	214	Success	432
2017-03-30 12:02:40	014296941374	224	Success	53
2017-03-30 12:02:36	014777167647	226	ShortCall	1
2017-03-30 12:04:27	012444456998	215	Success	47
2017-03-30 12:04:42	014771948452	225	Success	55
2017-03-30 12:06:21	014566436462	205	Success	187
2017-03-30 12:07:55	014566491030	212	Success	44
2017-03-30 12:08:54	014777709761	225	Success	97
2017-03-30 12:09:38	014626261376	226	Success	78
2017-03-30 12:09:32	013467133049	216	Success	64
2017-03-30 12:12:00	014646484822	224	Success	126
2017-03-30 12:12:34	013123070592	212	Success	71
2017-03-30 12:13:07	014566420086	229	Success	276
2017-03-30 12:14:04	014767443096	226	ShortCall	7
2017-03-30 12:14:23	014771952070	205	ShortCall	1
2017-03-30 12:15:01	014767436846	205	ShortCall	8
2017-03-30 12:15:15	014777117016	225	Success	51
2017-03-30 12:15:39	014296931531	226	Success	53
2017-03-30 12:17:02	014767443926	215	Success	36
2017-03-30 12:17:16	014696920769	214	Success	38
2017-03-30 12:17:52	014737334818	228	Success	27
2017-03-30 12:18:28	014696968091	225	Success	213
2017-03-30 12:22:20	014327440337	224	Success	14
2017-03-30 12:23:30	013525225369	214	Success	56
2017-03-30 12:23:30	013459325874	224	Success	11
2017-03-30 12:25:15	014767435183	226	Success	44
2017-03-30 12:27:02	013467874810	213	Success	220
2017-03-30 12:27:00	014696922833	214	Success	44
2017-03-30 12:29:37	014777803629	226	ShortCall	1
2017-03-30 12:30:45	014566432562	215	Success	459
2017-03-30 12:30:39	014767431159	226	Success	178
2017-03-30 12:32:38	014771980468	229	Success	11
2017-03-30 12:33:01	014767432055	224	Success	85
2017-03-30 12:33:30	014777169372	229	Success	70
2017-03-30 12:35:42	012444465761	224	Success	12
2017-03-30 12:36:48	014646486243	228	Success	85
2017-03-30 12:37:25	014171618000	224	Success	30
2017-03-30 12:38:58	014777179755	224	Success	48
2017-03-30 12:41:03	013525248167	224	Success	15
2017-03-30 12:41:09	013153552657	216	Success	411
2017-03-30 12:42:44	014116611148	214	Success	49
2017-03-30 12:43:12	014777149786	228	ShortCall	0
2017-03-30 12:43:23	014566492258	229	Success	472
2017-03-30 12:44:26	014646562759	226	Success	82
2017-03-30 12:44:53	014646411112	206	Success	225
2017-03-30 12:44:57	014737327686	205	ShortCall	3
2017-03-30 12:44:56	014641137236	224	ShortCall	1
2017-03-30 12:45:21	013584163942	224	ShortCall	1
2017-03-30 12:48:24	013584166152	224	Success	36
2017-03-30 12:49:03	014116611117	205	Success	11
2017-03-30 12:48:51	014646471219	215	Success	27
2017-03-30 12:48:59	014327445094	226	Success	91
2017-03-30 12:50:02	014696921012	215	Success	51
2017-03-30 12:50:00	014696923267	205	Success	25
2017-03-30 12:50:44	012444436237	212	ShortCall	3
2017-03-30 12:51:04	014777120552	225	ShortCall	6
2017-03-30 13:11:11	013123088922	212	Success	26
2017-03-30 13:14:53	014777182958	206	Success	218
2017-03-30 13:18:14	014646483425	214	Success	425
2017-03-30 13:19:15	014626336566	215	Success	33
2017-03-30 13:19:25	014772184320	226	Success	624
2017-03-30 13:19:57	014296910252	212	Success	49
2017-03-30 13:22:24	012444464296	206	Success	430
2017-03-30 13:22:15	014777170947	205	ShortCall	2
2017-03-30 13:23:19	014696922726	215	Success	34
2017-03-30 13:24:11	013867540829	224	Success	104
2017-03-30 13:25:25	012444461160	225	ShortCall	1
2017-03-30 13:26:12	014327440789	224	Success	183
2017-03-30 13:27:10	014646493290	214	Success	35
2017-03-30 13:29:07	014646475162	229	ShortCall	10
2017-03-30 13:28:59	014646481525	214	ShortCall	10
2017-03-30 13:30:08	014171725277	212	ShortCall	7
2017-03-30 13:31:23	014777154319	205	Success	60
2017-03-30 13:31:50	014767433168	206	Success	102
2017-03-30 13:33:13	014327440602	224	ShortCall	9
2017-03-30 13:32:58	012444464048	205	Success	178
2017-03-30 13:33:41	012253152482	212	Success	13
2017-03-30 13:34:13	014727233820	206	Success	23
2017-03-30 13:35:47	014771950600	214	Success	16
2017-03-30 13:36:41	014777727202	205	Success	31
2017-03-30 13:37:53	013123078347	205	ShortCall	1
2017-03-30 13:38:17	014767577749	225	Success	54
2017-03-30 13:40:40	014171721373	206	Success	60
2017-03-30 13:40:41	014327063214	212	Success	47
2017-03-30 13:43:37	013123145869	215	Success	14
2017-03-30 13:43:44	013459180936	224	Success	805
2017-03-30 13:44:16	014731026140	226	Success	59
2017-03-30 13:45:26	013414143327	214	Success	25
2017-03-30 13:45:57	014646415443	214	Success	357
2017-03-30 13:48:46	014327900113	225	Success	268
2017-03-30 13:50:39	012444455508	213	ShortCall	6
2017-03-30 13:50:42	014116612328	212	Success	51
2017-03-30 13:52:52	014327443487	212	ShortCall	1
2017-03-30 13:52:55	014777163498	229	Success	16
2017-03-30 13:53:29	014327900134	205	Success	18
2017-03-30 13:55:46	014566434055	225	Success	181
2017-03-30 13:59:18	014696946033	229	Success	488
2017-03-30 14:00:34	014646473162	214	ShortCall	0
2017-03-30 14:01:39	014777071121	214	Success	530
2017-03-30 14:02:29	012444456555	224	Success	99
2017-03-30 14:02:42	014771950897	212	Success	42
2017-03-30 14:04:13	014771675257	228	Success	49
2017-03-30 14:04:27	014171618096	225	Success	10
2017-03-30 14:07:32	014646472018	228	Success	39
2017-03-30 14:07:39	013123085692	206	ShortCall	1
2017-03-30 14:11:23	014174710110	225	Success	317
2017-03-30 14:12:27	014646477769	214	Success	32
2017-03-30 14:13:43	013477180590	213	Success	20
2017-03-30 14:15:03	013123114424	205	Success	25
2017-03-30 14:15:36	014771945040	229	Success	201
2017-03-30 14:17:45	014767577839	224	Success	229
2017-03-30 14:17:42	014731166009	225	Success	35
2017-03-30 14:18:16	014696923063	228	Success	11
2017-03-30 14:18:44	013123081980	228	ShortCall	1
2017-03-30 14:18:43	014777185144	213	Success	33
2017-03-30 14:19:26	014327900309	228	Success	90
2017-03-30 14:19:25	014767436437	229	Success	17
2017-03-30 14:20:05	012444456471	229	ShortCall	2
2017-03-30 14:20:27	014777782207	212	Success	113
2017-03-30 14:21:12	014767060031	229	Success	11
2017-03-30 14:22:39	014566492235	229	Success	11
2017-03-30 14:22:38	014777153691	226	Success	54
2017-03-30 14:22:34	014626351618	205	ShortCall	3
2017-03-30 14:22:52	014767444742	215	Success	17
2017-03-30 14:24:50	014626221802	225	ShortCall	10
2017-03-30 14:25:17	014296941710	215	Success	39
2017-03-30 14:25:20	014626262099	212	ShortCall	3
2017-03-30 14:25:22	014767437419	225	Success	65
2017-03-30 14:26:30	013153551442	212	Success	25
2017-03-30 14:26:25	014737341248	226	Success	28
2017-03-30 14:27:27	014777710891	226	Success	34
2017-03-30 14:27:43	013525255413	228	Success	66
2017-03-30 14:27:37	013123134899	224	ShortCall	1
2017-03-30 14:27:39	013123965409	229	Success	10
2017-03-30 14:28:03	013525253068	224	ShortCall	7
2017-03-30 14:28:40	014777760086	226	Success	115
2017-03-30 14:29:09	014727232329	225	Success	91
2017-03-30 14:29:45	014696924203	216	Success	146
2017-03-30 14:30:50	014777113301	228	ShortCall	8
2017-03-30 14:31:21	013467872323	226	Success	98
2017-03-30 14:31:27	012444452538	225	Success	75
2017-03-30 14:32:07	014777811107	212	ShortCall	1
2017-03-30 14:32:01	014771673035	228	Success	18
2017-03-30 14:32:26	014646473918	220	Success	19
2017-03-30 14:33:00	014116610409	220	Success	16
2017-03-30 14:34:37	013123116872	212	Success	16
2017-03-30 14:35:38	014696922654	228	Success	12
2017-03-30 14:36:12	014646562679	229	Success	10
2017-03-30 14:36:46	014777764714	229	ShortCall	9
2017-03-30 14:38:24	014777780652	229	Success	83
2017-03-30 14:40:35	013424212081	213	Success	34
2017-03-30 14:40:33	014777710675	212	Success	17
2017-03-30 14:43:22	014626260423	213	Success	39
2017-03-30 14:46:02	014767069754	215	ShortCall	3
2017-03-30 14:46:37	014727917122	228	Success	10
2017-03-30 14:47:11	014566437900	215	Success	172
2017-03-30 14:47:12	013467875702	212	ShortCall	9
2017-03-30 14:47:47	014696925539	205	Success	96
2017-03-30 14:48:21	014767482016	212	Success	145
2017-03-30 14:48:28	013123148295	216	Success	77
2017-03-30 14:50:50	014767435623	212	Success	11
2017-03-30 14:51:07	013467877050	215	ShortCall	0
2017-03-30 14:51:22	014696921471	213	Success	193
2017-03-30 14:52:31	013459182045	212	Success	10
2017-03-30 14:53:09	014646415937	212	ShortCall	7
2017-03-30 14:53:31	014171723341	205	Success	42
2017-03-30 14:54:06	013153552088	224	Success	67
2017-03-30 14:54:52	014767060749	205	ShortCall	4
2017-03-30 14:55:10	012444438318	226	Success	15
2017-03-30 14:56:03	013584164907	226	Success	65
2017-03-30 14:56:23	014767446060	205	Success	507
2017-03-30 14:56:53	014737331586	228	Success	38
2017-03-30 14:57:35	014767444906	226	Success	111
2017-03-30 14:57:34	014737345970	215	Success	36
2017-03-30 14:57:27	013123130976	213	Success	31
2017-03-30 14:57:39	014327440021	216	Success	48
2017-03-30 14:57:26	013123950112	225	Success	199
2017-03-30 14:57:28	014737347807	212	ShortCall	10
2017-03-30 14:58:00	014777136112	228	Success	27
2017-03-30 14:58:12	014767451053	212	Success	29
2017-03-30 14:58:37	014646420439	215	Success	119
2017-03-30 15:01:17	013525222023	213	Success	501
2017-03-30 15:01:49	014171723978	228	Success	54
2017-03-30 15:03:44	014737320222	226	Success	419
2017-03-30 15:03:48	014721030046	212	Success	18
2017-03-30 15:07:08	014737334059	214	ShortCall	2
2017-03-30 15:08:32	014771670829	214	Success	12
2017-03-30 15:09:31	014777810831	206	Success	47
2017-03-30 15:09:21	014777121131	229	Success	77
2017-03-30 15:11:13	014737338834	213	Success	84
2017-03-30 15:13:28	014566435267	213	Success	216
2017-03-30 15:13:14	014171722361	215	Success	37
2017-03-30 15:14:35	014767436315	215	Success	52
2017-03-30 15:15:21	014174770097	224	Success	62
2017-03-30 15:19:56	014767435102	212	Success	17
2017-03-30 15:20:27	014727224399	228	Success	89
2017-03-30 15:20:41	014566436237	213	Success	39
2017-03-30 15:20:51	014767431392	212	Success	50
2017-03-30 15:21:55	014171618030	206	Success	62
2017-03-30 15:21:54	014767435493	205	Success	112
2017-03-30 15:24:20	014646474107	212	ShortCall	0
2017-03-30 15:24:53	014777741703	205	Success	22
2017-03-30 15:24:51	014767430058	213	Success	24
2017-03-30 15:26:05	013424212029	205	ShortCall	9
2017-03-30 15:26:33	013477884041	205	ShortCall	1
2017-03-30 15:26:53	014696925741	205	ShortCall	6
2017-03-30 15:27:00	014696921460	214	Success	17
2017-03-30 15:27:38	014737328813	206	Success	49
2017-03-30 15:27:58	014777129850	226	Success	99
2017-03-30 15:30:15	012444460977	224	Success	14
2017-03-30 15:31:17	014327441758	206	Success	47
2017-03-30 15:33:21	014696924297	212	Success	36
2017-03-30 15:34:25	014737331016	229	Success	18
2017-03-30 15:34:23	014777780928	226	Success	77
2017-03-30 15:35:15	014696924960	225	Success	212
2017-03-30 15:35:38	014737346081	214	Success	402
2017-03-30 15:37:48	014771485591	213	Success	592
2017-03-30 15:37:47	014626240494	224	ShortCall	6
2017-03-30 15:40:28	014771045834	226	Success	60
2017-03-30 15:44:18	014327443186	206	Success	173
2017-03-30 15:45:22	014771006743	212	ShortCall	1
2017-03-30 15:45:20	013424221823	216	ShortCall	2
2017-03-30 15:45:40	014777156183	214	Success	27
2017-03-30 15:48:18	014626070145	225	Success	64
2017-03-30 15:48:27	014171723520	215	ShortCall	0
2017-03-30 11:50:09	014959564025	228	Success	31
2017-03-30 11:51:02	019232372228	212	Success	52
2017-03-30 11:51:37	017468435888	213	Success	102
2017-03-30 11:52:17	017468970114	216	Success	47
2017-03-30 11:53:15	012721210549	212	Success	27
2017-03-30 11:53:48	014999921960	224	Success	30
2017-03-30 11:53:45	012717126604	206	Success	57
2017-03-30 11:53:54	012717369360	216	Success	109
2017-03-30 11:53:58	012717162958	213	Success	75
2017-03-30 11:54:53	014747466028	215	Success	50
2017-03-30 11:54:56	012717129323	214	Success	62
2017-03-30 11:55:01	012717127355	205	Success	11
2017-03-30 11:55:27	014747422661	226	Success	66
2017-03-30 11:55:40	012838742340	212	Success	53
2017-03-30 11:55:25	013767663238	224	Success	46
2017-03-30 11:56:04	012727219226	213	ShortCall	1
2017-03-30 11:55:58	012717163901	225	Success	142
2017-03-30 11:55:59	012717180697	205	Success	41
2017-03-30 11:55:59	012717162438	228	Success	27
2017-03-30 11:56:30	019232370894	216	Success	21
2017-03-30 11:56:39	012717123163	214	Success	110
2017-03-30 11:56:41	012717164606	213	Success	33
2017-03-30 11:56:36	012299222081	215	Success	63
2017-03-30 11:56:51	014959561665	224	Success	165
2017-03-30 11:57:15	013767663664	212	Success	16
2017-03-30 11:57:07	012717166067	212	Success	11
2017-03-30 11:57:11	013877631030	206	Success	77
2017-03-30 11:57:12	014959682159	216	Success	39
2017-03-30 11:57:13	012969620842	213	Success	74
2017-03-30 11:57:05	012717147673	228	Success	118
2017-03-30 11:57:06	012717175313	226	Success	129
2017-03-30 11:58:31	014999921386	229	Success	18
2017-03-30 11:58:40	012798225095	216	Success	12
2017-03-30 11:59:17	012717168533	213	Success	31
2017-03-30 11:59:17	017468810231	206	Success	256
2017-03-30 11:59:54	014959569323	215	Success	38
2017-03-30 11:59:46	012717369442	214	ShortCall	4
2017-03-30 11:59:54	012727212943	229	Success	24
2017-03-30 11:59:51	017898940135	212	Success	11
2017-03-30 12:00:40	012299721802	213	Success	137
2017-03-30 12:01:07	017468920294	226	Success	63
2017-03-30 12:00:56	012717127360	215	Success	13
2017-03-30 12:00:53	012717149682	229	Success	31
2017-03-30 12:01:29	012717510045	214	ShortCall	9
2017-03-30 12:01:35	012323242523	224	Success	11
2017-03-30 12:01:39	014747425640	225	Success	30
2017-03-30 12:02:10	017898963351	229	Success	100
2017-03-30 12:02:43	014959681508	215	Success	15
2017-03-30 12:05:33	014999920928	224	Success	51
2017-03-30 12:05:40	017898940693	228	Success	131
2017-03-30 12:06:20	012717147574	226	Success	51
2017-03-30 12:06:41	012717142684	225	Success	65
2017-03-30 12:06:43	014579485006	212	Success	35
2017-03-30 12:06:45	014959658167	224	Success	12
2017-03-30 12:07:15	014754037033	224	Success	236
2017-03-30 12:07:41	017898931179	226	Success	46
2017-03-30 12:08:26	013767653471	215	Success	38
2017-03-30 12:09:32	013957853512	229	Success	64
2017-03-30 12:09:29	014747421669	228	Success	58
2017-03-30 12:10:11	012717169065	205	Success	159
2017-03-30 12:10:39	012969628564	215	Success	43
2017-03-30 12:10:34	012798325266	213	ShortCall	2
2017-03-30 12:10:56	014579470150	228	Success	285
2017-03-30 12:11:09	014959658217	225	Success	60
2017-03-30 12:11:22	013787821474	212	Success	29
2017-03-30 12:11:29	012849460264	213	Success	261
2017-03-30 12:11:56	014577683095	226	Success	44
2017-03-30 12:11:39	012717135648	229	Success	14
2017-03-30 12:12:26	014959566259	216	Success	184
2017-03-30 12:12:11	014747429262	229	Success	18
2017-03-30 12:12:24	012717361379	215	Success	146
2017-03-30 12:12:52	012717120938	225	Success	96
2017-03-30 12:13:56	017468810194	214	Success	43
2017-03-30 12:14:27	012716885093	224	Success	396
2017-03-30 12:14:24	014999260608	212	Success	22
2017-03-30 12:15:33	014747429353	212	Success	165
2017-03-30 12:15:33	014959560724	214	Success	24
2017-03-30 12:15:54	012717511128	216	Success	344
2017-03-30 12:16:02	012717514027	214	Success	57
2017-03-30 12:16:35	014959688781	226	Success	282
2017-03-30 12:16:33	012717142064	225	Success	90
2017-03-30 12:16:28	013957854953	206	Success	59
2017-03-30 12:16:52	012969662121	213	Success	474
2017-03-30 12:18:17	012717368864	215	Success	56
2017-03-30 12:18:20	014959560720	229	Success	83
2017-03-30 12:18:23	014959689986	214	Success	148
2017-03-30 12:18:55	012969716038	212	Success	181
2017-03-30 12:19:07	014959560193	228	Success	47
2017-03-30 12:19:28	012717122969	206	Success	33
2017-03-30 12:19:45	014999261403	229	Success	278
2017-03-30 12:19:29	012717141921	215	Success	68
2017-03-30 12:20:43	013767371979	228	Success	172
2017-03-30 12:21:07	014959682836	215	Success	193
2017-03-30 12:20:56	012323280838	206	ShortCall	3
2017-03-30 12:21:12	017468433317	206	ShortCall	1
2017-03-30 12:21:21	013757587566	224	ShortCall	3
2017-03-30 12:21:41	012727288832	216	Success	45
2017-03-30 12:21:39	017898962526	206	Success	49
2017-03-30 12:21:41	012717160577	226	Success	115
2017-03-30 12:22:10	014744031677	212	Success	188
2017-03-30 12:23:12	013929241560	216	Success	33
2017-03-30 12:23:19	014959564019	206	Success	161
2017-03-30 12:23:58	012787331059	205	Success	136
2017-03-30 12:24:07	014999921967	228	Success	52
2017-03-30 12:24:28	017898964303	226	Success	32
2017-03-30 12:24:31	017898940516	224	Success	49
2017-03-30 12:25:10	013929240447	215	Success	48
2017-03-30 12:25:12	012717140034	228	Success	136
2017-03-30 12:25:11	012353270523	214	Success	60
2017-03-30 12:26:03	012717168097	224	Success	55
2017-03-30 12:25:45	014959564570	213	Success	57
2017-03-30 12:26:28	014959687063	216	Success	15
2017-03-30 12:26:13	013957255875	225	Success	51
2017-03-30 12:26:37	014744031836	215	Success	49
2017-03-30 12:27:08	012299315424	224	Success	50
2017-03-30 12:26:55	012851130354	206	Success	587
2017-03-30 12:27:01	012323254023	205	Success	433
2017-03-30 12:27:06	012717514433	216	ShortCall	6
2017-03-30 12:27:47	012727266268	225	ShortCall	0
2017-03-30 12:28:01	012717369285	212	ShortCall	1
2017-03-30 12:28:39	012717514207	214	Success	12
2017-03-30 12:28:45	019232377848	225	Success	230
2017-03-30 12:28:49	013714173734	224	Success	94
2017-03-30 12:28:53	013847380900	212	Success	49
2017-03-30 12:28:36	014747467303	228	Success	65
2017-03-30 12:29:24	014999262714	214	Success	94
2017-03-30 12:30:54	012787326441	213	Success	357
2017-03-30 12:30:54	014959569049	224	Success	39
2017-03-30 12:30:57	014245360627	214	ShortCall	7
2017-03-30 12:31:23	014959564205	228	Success	55
2017-03-30 12:31:58	012717175005	214	Success	12
2017-03-30 12:33:12	012717126570	228	Success	26
2017-03-30 12:33:02	012717145695	216	Success	75
2017-03-30 12:33:46	014999260401	226	Success	96
2017-03-30 12:34:41	012717141187	228	Success	53
2017-03-30 12:34:56	017898966568	216	Success	64
2017-03-30 12:35:05	014747429325	229	Success	10
2017-03-30 12:35:01	012714051214	224	Success	12
2017-03-30 12:35:30	014968510382	212	Success	241
2017-03-30 12:36:08	012717160268	229	Success	63
2017-03-30 12:36:14	017898822054	226	Success	27
2017-03-30 12:36:25	013757583057	205	Success	89
2017-03-30 12:37:40	019232320728	226	Success	59
2017-03-30 12:38:16	014959561275	205	Success	22
2017-03-30 12:38:13	017468436291	216	Success	103
2017-03-30 12:39:13	012787330295	215	Success	408
2017-03-30 12:39:09	012717168606	228	ShortCall	1
2017-03-30 12:38:53	012323248421	225	Success	13
2017-03-30 12:39:16	012717142861	226	Success	50
2017-03-30 12:39:27	012737351727	225	Success	81
2017-03-30 12:39:22	012717120296	205	Success	15
2017-03-30 12:40:01	017468810623	213	Success	23
2017-03-30 12:40:37	012353270817	212	Success	10
2017-03-30 12:40:31	012717510507	206	ShortCall	1
2017-03-30 12:41:21	012798312040	213	Success	75
2017-03-30 12:42:07	013787827369	225	Success	203
2017-03-30 12:42:01	014959681905	228	ShortCall	10
2017-03-30 12:42:03	012717126251	212	Success	87
2017-03-30 12:42:12	014959569068	224	ShortCall	2
2017-03-30 12:43:25	014999920475	224	Success	15
2017-03-30 12:43:52	013877631955	213	Success	255
2017-03-30 12:44:55	017898961087	214	ShortCall	7
2017-03-30 12:44:55	013877630344	212	Success	12
2017-03-30 12:45:42	014999921460	214	Success	44
2017-03-30 12:45:33	017468810187	205	Success	192
2017-03-30 12:46:03	012288175777	224	Success	49
2017-03-30 12:45:55	012717126117	212	Success	61
2017-03-30 12:46:45	012714056008	226	Success	82
2017-03-30 12:47:17	014959688834	228	Success	165
2017-03-30 12:48:13	012717176084	215	ShortCall	8
2017-03-30 12:48:29	012717126725	226	ShortCall	5
2017-03-30 12:48:09	014999924432	225	Success	17
2017-03-30 12:48:57	014959562657	225	ShortCall	9
2017-03-30 12:49:41	017898940348	225	Success	27
2017-03-30 12:49:38	013877780243	224	ShortCall	9
2017-03-30 12:50:10	014747464321	228	Success	302
2017-03-30 12:50:13	014747426005	212	ShortCall	2
2017-03-30 12:50:09	012717128106	224	Success	49
2017-03-30 12:50:20	012717162177	225	Success	13
2017-03-30 12:50:50	017898930800	226	ShortCall	5
2017-03-30 12:51:17	014959681264	226	ShortCall	4
2017-03-30 12:51:20	012323733090	229	ShortCall	2
2017-03-30 13:10:36	014959562966	205	Success	67
2017-03-30 13:12:10	012727253692	228	ShortCall	4
2017-03-30 13:13:00	012838722346	225	ShortCall	4
2017-03-30 13:12:42	017898930541	205	Success	194
2017-03-30 13:12:43	017898961548	225	ShortCall	3
2017-03-30 13:12:49	012747431490	228	ShortCall	6
2017-03-30 13:13:22	012323254047	225	ShortCall	3
2017-03-30 13:13:20	012721065419	228	ShortCall	3
2017-03-30 13:13:15	012717168743	212	ShortCall	5
2017-03-30 13:14:06	013787818135	226	Success	52
2017-03-30 13:15:21	012717148259	229	ShortCall	8
2017-03-30 13:15:25	012798270382	228	ShortCall	5
2017-03-30 13:15:55	012299213296	214	Success	35
2017-03-30 13:15:54	012717127531	212	Success	33
2017-03-30 13:16:17	014579480897	229	Success	11
2017-03-30 13:16:30	012717177162	225	ShortCall	0
2017-03-30 13:16:18	017468435060	228	Success	13
2017-03-30 13:17:00	012323248905	226	Success	53
2017-03-30 13:16:52	012737350005	212	Success	12
2017-03-30 13:16:53	014959564237	214	Success	58
2017-03-30 13:16:54	014747467551	228	Success	50
2017-03-30 13:16:53	013787153882	225	Success	21
2017-03-30 13:17:02	012717126029	215	ShortCall	9
2017-03-30 13:16:53	013847332275	229	ShortCall	8
2017-03-30 13:17:32	014747426774	229	ShortCall	9
2017-03-30 13:17:20	014959561252	212	Success	43
2017-03-30 13:17:20	014747428117	229	ShortCall	6
2017-03-30 13:17:31	013877632514	215	Success	58
2017-03-30 13:18:13	014959680441	229	Success	51
2017-03-30 13:18:10	012717147424	224	Success	61
2017-03-30 13:18:44	012717165351	226	ShortCall	6
2017-03-30 13:18:53	017898964661	212	ShortCall	8
2017-03-30 13:19:59	012717124644	229	Success	63
2017-03-30 13:21:37	013714173485	225	Success	127
2017-03-30 13:21:37	014747426012	206	ShortCall	6
2017-03-30 13:22:05	013929241813	224	Success	104
2017-03-30 13:21:58	014747426128	212	Success	49
2017-03-30 13:22:09	012717179056	229	Success	66
2017-03-30 13:23:38	012717160454	229	ShortCall	3
2017-03-30 13:24:23	012888827110	215	Success	290
2017-03-30 13:24:43	014959682646	225	Success	23
2017-03-30 13:24:37	014959687020	229	ShortCall	9
2017-03-30 13:24:35	014999921569	212	Success	62
2017-03-30 13:25:18	019232333764	216	Success	134
2017-03-30 13:25:25	017898930140	229	Success	94
2017-03-30 13:26:09	012717160605	224	ShortCall	1
2017-03-30 13:25:55	013957410024	228	Success	142
2017-03-30 13:26:02	017898931782	212	Success	147
2017-03-30 13:26:24	012323244530	213	Success	119
2017-03-30 13:27:09	014999921583	229	Success	73
2017-03-30 13:28:18	014747465572	216	Success	226
2017-03-30 13:29:06	014747427408	228	Success	25
2017-03-30 13:29:43	019232372104	214	Success	41
2017-03-30 13:29:48	012717173405	229	Success	584
2017-03-30 13:29:46	012798325149	224	Success	16
2017-03-30 13:30:07	012717128453	226	Success	61
2017-03-30 13:30:07	012717163069	228	Success	32
2017-03-30 13:30:51	013847338592	206	ShortCall	1
2017-03-30 13:31:12	019232371679	214	Success	24
2017-03-30 13:31:50	014959681489	215	Success	69
2017-03-30 13:31:55	013939351018	212	Success	32
2017-03-30 13:32:55	012717167263	228	Success	297
2017-03-30 13:32:58	014959561783	212	Success	12
2017-03-30 13:32:48	012323243030	214	ShortCall	0
2017-03-30 13:33:02	012717161058	214	Success	53
2017-03-30 13:34:18	019232371313	212	ShortCall	7
2017-03-30 13:34:18	012717141272	214	Success	11
2017-03-30 13:34:33	012717128635	226	Success	82
2017-03-30 13:34:47	014959688260	206	Success	98
2017-03-30 13:34:49	012717510032	214	Success	25
2017-03-30 13:34:41	012717129863	214	ShortCall	5
2017-03-30 13:36:20	017898965147	226	Success	249
2017-03-30 13:36:41	012717166159	214	Success	103
2017-03-30 13:36:51	014959658255	225	Success	34
2017-03-30 13:37:03	013787811166	206	ShortCall	1
2017-03-30 13:37:29	017898963842	212	Success	47
2017-03-30 13:37:38	014999921673	206	Success	133
2017-03-30 13:38:20	014959688683	205	Success	40
2017-03-30 13:38:48	012323250767	212	Success	52
2017-03-30 13:39:19	013787054626	205	Success	273
2017-03-30 13:39:35	013787810979	214	Success	11
2017-03-30 13:40:06	013767653902	212	Success	13
2017-03-30 13:40:39	017468920097	214	Success	34
2017-03-30 13:40:58	012747520397	213	Success	226
2017-03-30 13:41:30	013847330906	224	Success	101
2017-03-30 13:41:32	012717169166	228	Success	34
2017-03-30 13:42:32	012717162729	214	ShortCall	6
2017-03-30 13:42:45	012828253728	212	Success	449
2017-03-30 13:43:02	012323251780	214	Success	59
2017-03-30 13:43:05	013714173146	226	ShortCall	6
2017-03-30 13:44:51	014747425193	206	ShortCall	4
2017-03-30 13:45:02	014959569125	215	Success	125
2017-03-30 13:45:01	012717144336	216	Success	11
2017-03-30 13:44:47	014317461039	228	Success	101
2017-03-30 13:44:50	012717510120	225	Success	74
2017-03-30 13:45:29	017898965067	229	Success	12
2017-03-30 13:45:50	012717168367	205	Success	15
2017-03-30 13:46:07	012717180946	205	ShortCall	2
2017-03-30 13:45:55	012353271030	229	Success	368
2017-03-30 13:45:54	012717328228	226	Success	87
2017-03-30 13:46:06	014579480161	225	Success	149
2017-03-30 13:46:03	014747414002	216	Success	14
2017-03-30 13:45:46	012717142929	206	Success	61
2017-03-30 13:45:50	014999920096	216	ShortCall	10
2017-03-30 13:47:03	012787321212	228	Success	160
2017-03-30 13:47:00	012949431852	216	Success	132
2017-03-30 13:47:04	013957256584	213	Success	44
2017-03-30 13:47:34	012787321676	206	Success	402
2017-03-30 13:47:59	012717129848	215	Success	38
2017-03-30 13:48:01	017898940329	226	Success	39
2017-03-30 13:48:01	012787321073	213	Success	60
2017-03-30 13:48:58	017898963246	215	Success	103
2017-03-30 13:49:24	014747465316	213	Success	41
2017-03-30 13:49:20	012717123915	226	Success	71
2017-03-30 13:49:59	012717168182	216	Success	30
2017-03-30 13:51:12	012949432245	226	Success	362
2017-03-30 13:51:08	013787812088	216	Success	144
2017-03-30 13:52:03	014959561059	213	Success	165
2017-03-30 13:52:14	012353270662	228	ShortCall	2
2017-03-30 13:52:57	012727213520	228	ShortCall	3
2017-03-30 13:53:33	017468436246	229	Success	226
2017-03-30 13:53:56	012969620960	205	Success	29
2017-03-30 13:53:52	012717169127	216	Success	314
2017-03-30 13:53:50	017898961797	212	Success	214
2017-03-30 13:56:42	017898934587	215	Success	45
2017-03-30 13:56:42	014959560405	213	Success	23
2017-03-30 13:57:12	017898930743	228	ShortCall	8
2017-03-30 13:57:11	017461003189	206	Success	20
2017-03-30 13:57:22	012717126209	224	ShortCall	10
2017-03-30 13:57:17	013767620285	213	Success	202
2017-03-30 13:57:49	012288173475	215	ShortCall	2
2017-03-30 13:57:50	012717160016	206	Success	35
2017-03-30 13:58:02	014759535388	224	Success	137
2017-03-30 13:57:47	014959680608	229	ShortCall	9
2017-03-30 13:58:38	012717166073	212	ShortCall	4
2017-03-30 13:58:28	013847380951	229	Success	11
2017-03-30 13:58:18	014959562233	215	Success	33
2017-03-30 13:58:58	012737370725	214	Success	32
2017-03-30 13:59:00	012717134074	206	Success	117
2017-03-30 13:59:25	013787812879	225	Success	48
2017-03-30 13:59:31	017898822095	212	Success	18
2017-03-30 13:59:57	014959562147	228	Success	12
2017-03-30 14:01:21	017898961866	225	Success	141
2017-03-30 14:01:20	013761060849	212	Success	11
2017-03-30 14:01:45	014579470874	213	Success	63
2017-03-30 14:01:48	014959562108	206	Success	69
2017-03-30 14:01:39	012263161188	224	Success	15
2017-03-30 14:03:17	014959658313	213	Success	50
2017-03-30 14:03:21	014744031943	206	Success	93
2017-03-30 14:03:57	017898932941	212	Success	18
2017-03-30 14:05:02	019232371161	224	Success	38
2017-03-30 14:05:03	019232320087	212	Success	37
2017-03-30 14:05:16	012798312739	216	Success	340
2017-03-30 14:05:27	012717161013	206	Success	64
2017-03-30 14:05:52	014999261869	228	ShortCall	6
2017-03-30 14:06:35	012717166811	212	Success	222
2017-03-30 14:06:57	012717124139	224	Success	69
2017-03-30 14:07:42	014959680907	225	Success	162
2017-03-30 14:08:06	012711170326	229	ShortCall	5
2017-03-30 14:08:11	012323251253	206	Success	84
2017-03-30 14:08:04	012288130721	213	ShortCall	1
2017-03-30 14:08:32	012717125838	224	ShortCall	9
2017-03-30 14:08:50	012323248705	229	Success	312
2017-03-30 14:10:37	012737351981	206	Success	53
2017-03-30 14:11:10	014959688410	213	Success	72
2017-03-30 14:12:23	017898940750	212	ShortCall	9
2017-03-30 14:12:18	012717147078	216	Success	275
2017-03-30 14:12:12	012717160407	214	Success	16
2017-03-30 14:12:50	012717160944	213	Success	29
2017-03-30 14:12:52	017898962757	212	Success	223
2017-03-30 14:13:46	012717125084	205	Success	32
2017-03-30 14:14:29	012717145141	224	ShortCall	7
2017-03-30 14:14:54	014579810296	213	Success	106
2017-03-30 14:15:20	012353230363	224	Success	89
2017-03-30 14:15:52	012714050930	205	ShortCall	4
2017-03-30 14:17:08	014999261257	215	ShortCall	8
2017-03-30 14:17:47	012717164339	215	ShortCall	4
2017-03-30 14:17:39	014747420760	212	Success	13
2017-03-30 14:17:43	012838766026	213	Success	30
2017-03-30 14:18:25	012747432385	215	Success	12
2017-03-30 14:18:20	013857552339	205	Success	12
2017-03-30 14:18:06	017468810005	226	ShortCall	4
2017-03-30 14:18:41	013787154917	226	ShortCall	1
2017-03-30 14:18:43	012968212273	225	Success	211
2017-03-30 14:18:36	017898961770	212	Success	14
2017-03-30 14:19:11	012717128599	226	Success	47
2017-03-30 14:19:12	012717147647	228	ShortCall	5
2017-03-30 14:19:14	012717168456	212	Success	34
2017-03-30 14:19:52	012717168920	213	Success	68
2017-03-30 14:20:54	012717125373	205	Success	46
2017-03-30 14:20:35	014969621551	226	Success	32
2017-03-30 14:20:43	012717120532	229	ShortCall	6
2017-03-30 14:21:26	013847382486	228	Success	43
2017-03-30 14:21:19	012717125031	214	Success	12
2017-03-30 14:21:44	012727420704	206	ShortCall	3
2017-03-30 14:21:37	012717135047	213	Success	52
2017-03-30 14:22:06	014999260076	214	Success	29
2017-03-30 14:21:55	012717369378	229	ShortCall	8
2017-03-30 14:22:24	012717149173	224	Success	48
2017-03-30 14:23:40	012717135475	215	Success	62
2017-03-30 14:23:39	014747427601	229	Success	15
2017-03-30 14:23:33	012717175394	213	Success	53
2017-03-30 14:23:45	014747465179	226	Success	113
2017-03-30 14:23:35	012949432071	214	Success	52
2017-03-30 14:23:37	012717135384	205	Success	215
2017-03-30 14:23:32	012717121514	212	Success	26
2017-03-30 14:24:13	012717126172	229	ShortCall	1
2017-03-30 14:25:04	014959681098	229	Success	14
2017-03-30 14:25:15	014959566389	214	Success	24
2017-03-30 14:25:13	012717510760	224	Success	111
2017-03-30 14:25:15	012849460027	213	Success	37
2017-03-30 14:25:54	012717369429	229	Success	14
2017-03-30 14:25:50	012717169867	228	Success	79
2017-03-30 14:26:26	014959569299	214	Success	11
2017-03-30 14:26:24	012717180921	216	Success	172
2017-03-30 14:27:03	012353173117	225	Success	58
2017-03-30 14:26:55	012353232006	229	Success	13
2017-03-30 14:27:30	012323240126	212	Success	162
2017-03-30 14:27:34	019232332703	213	Success	66
2017-03-30 14:28:13	012798214145	229	Success	15
2017-03-30 14:28:01	014959658185	205	Success	80
2017-03-30 14:27:58	017898934369	206	Success	84
2017-03-30 14:30:13	012717166440	205	Success	33
2017-03-30 14:30:26	014959681848	229	Success	17
2017-03-30 14:31:06	013929312026	212	Success	13
2017-03-30 14:30:52	012717140681	224	Success	32
2017-03-30 14:31:10	014999260292	214	Success	31
2017-03-30 14:31:45	017898930717	205	Success	13
2017-03-30 14:32:57	012717167021	228	Success	107
2017-03-30 14:32:50	017898961669	216	Success	55
2017-03-30 14:32:58	017898962833	225	Success	505
2017-03-30 14:32:58	014747423643	229	ShortCall	2
2017-03-30 14:33:20	012717168660	213	ShortCall	4
2017-03-30 14:33:33	012888827349	212	Success	24
2017-03-30 14:33:19	017898966342	214	Success	185
2017-03-30 14:33:16	012717510267	212	Success	16
2017-03-30 14:33:51	012717127001	206	Success	49
2017-03-30 14:34:14	012717124642	229	Success	68
2017-03-30 14:34:56	014747429263	205	Success	37
2017-03-30 14:34:51	012323731436	224	Success	136
2017-03-30 14:35:29	017898961307	206	ShortCall	4
2017-03-30 14:35:40	017468820063	212	Success	190
2017-03-30 14:36:47	017898960790	226	Success	75
2017-03-30 14:36:26	012323242903	205	ShortCall	3
2017-03-30 14:36:39	012969660313	206	Success	77
2017-03-30 14:36:44	014747411462	228	Success	132
2017-03-30 14:37:49	019232334838	229	ShortCall	7
2017-03-30 14:38:18	014999921054	224	Success	12
2017-03-30 14:38:24	017898961715	226	Success	220
2017-03-30 14:38:27	012717166300	224	Success	285
2017-03-30 14:38:24	014747421836	205	Success	35
2017-03-30 14:39:42	014999262736	213	Success	38
2017-03-30 14:39:59	014959564586	228	Success	212
2017-03-30 14:40:10	017898934119	212	ShortCall	8
2017-03-30 14:40:41	014999412147	205	Success	31
2017-03-30 14:40:44	012727210914	212	Success	26
2017-03-30 14:40:36	017468435153	216	Success	46
2017-03-30 14:40:49	012787360593	229	Success	62
2017-03-30 14:40:33	012717167830	229	Success	21
2017-03-30 14:41:20	012323252172	213	Success	10
2017-03-30 14:42:10	014959564230	212	Success	86
2017-03-30 14:42:33	017898961118	225	Success	72
2017-03-30 14:43:14	012828250161	214	Success	368
2017-03-30 14:43:16	012353234338	216	Success	46
2017-03-30 14:43:41	012717369717	229	Success	223
2017-03-30 14:43:44	013857552377	226	Success	35
2017-03-30 14:44:03	012717142670	205	Success	50
2017-03-30 14:44:19	014747420114	213	Success	18
2017-03-30 14:44:21	014999921674	216	Success	144
2017-03-30 14:44:13	019232373604	224	Success	45
2017-03-30 14:44:17	017898961098	212	ShortCall	8
2017-03-30 14:45:16	013724260500	226	Success	237
2017-03-30 14:45:14	012717126356	215	Success	27
2017-03-30 14:45:28	014744032884	212	Success	29
2017-03-30 14:45:51	012717165035	205	Success	55
2017-03-30 14:45:41	017898932510	213	Success	272
2017-03-30 14:45:54	017898950062	224	Success	12
2017-03-30 14:45:58	012299225613	215	ShortCall	7
2017-03-30 14:50:36	014757429533	213	Success	29
2017-03-30 14:50:27	012717178434	216	Success	13
2017-03-30 14:50:39	014959681765	216	Success	26
2017-03-30 14:50:37	017898950268	205	Success	42
2017-03-30 14:50:31	012717168489	215	Success	21
2017-03-30 14:50:35	012717161918	224	ShortCall	9
2017-03-30 14:51:16	014747411782	212	Success	36
2017-03-30 14:51:57	012717168272	216	Success	326
2017-03-30 14:52:35	014317460788	214	Success	35
2017-03-30 14:52:25	012969628550	206	Success	29
2017-03-30 14:52:27	012721061511	228	ShortCall	6
2017-03-30 14:52:38	012323734576	205	Success	12
2017-03-30 14:52:31	012717125841	226	Success	40
2017-03-30 14:53:38	012717121786	206	Success	11
2017-03-30 14:53:39	012717135004	214	Success	18
2017-03-30 14:53:31	012717163554	215	Success	13
2017-03-30 14:53:35	014959680026	225	Success	67
2017-03-30 14:53:40	014959682484	226	Success	56
2017-03-30 14:53:52	012969621868	212	Success	65
2017-03-30 14:54:46	019232320291	214	Success	27
2017-03-30 14:54:44	017468435727	206	Success	37
2017-03-30 14:54:38	012717125767	215	Success	149
2017-03-30 14:54:43	012299720883	228	Success	71
2017-03-30 14:55:20	012717134026	225	Success	55
2017-03-30 14:55:28	012717162168	205	Success	24
2017-03-30 14:55:43	012717124148	212	Success	69
2017-03-30 14:55:50	012717142351	214	Success	11
2017-03-30 14:55:55	013847380787	206	Success	101
2017-03-30 14:57:32	012727277639	224	Success	274
2017-03-30 14:58:12	013847382202	206	Success	33
2017-03-30 14:59:16	014744031258	216	Success	133
2017-03-30 14:59:09	012717160485	214	Success	70
2017-03-30 14:59:18	014959681894	228	Success	47
2017-03-30 14:59:46	012949431009	212	Success	19
2017-03-30 15:00:20	017898551168	206	Success	533
2017-03-30 15:00:27	013787823095	226	Success	53
2017-03-30 15:00:32	013847330857	228	Success	39
2017-03-30 15:00:36	014959560887	212	Success	33
2017-03-30 15:00:49	014959563459	214	Success	15
2017-03-30 15:01:26	017898961413	214	Success	49
2017-03-30 15:01:31	012717321028	212	ShortCall	7
2017-03-30 15:01:25	012717161079	225	Success	19
2017-03-30 15:01:58	017898940266	226	Success	48
2017-03-30 15:02:02	014747465894	216	Success	126
2017-03-30 15:02:01	012859712909	215	Success	35
2017-03-30 15:02:34	014959658060	224	ShortCall	5
2017-03-30 15:02:42	014317460125	214	Success	18
2017-03-30 15:02:23	012717176110	225	Success	44
2017-03-30 15:03:07	012717164543	215	Success	40
2017-03-30 15:03:54	017898932380	225	Success	418
2017-03-30 15:03:59	012787326523	215	ShortCall	4
2017-03-30 15:04:13	014999921748	215	Success	13
2017-03-30 15:04:53	013957256310	224	Success	193
2017-03-30 15:05:00	014959564150	212	ShortCall	1
2017-03-30 15:05:40	014959688097	216	Success	110
2017-03-30 15:06:53	014959682231	229	Success	85
2017-03-30 15:06:58	014379610075	228	Success	531
2017-03-30 15:06:48	012717142574	215	Success	30
2017-03-30 15:06:50	012798225208	212	Success	33
2017-03-30 15:07:41	012787361172	215	Success	94
2017-03-30 15:07:52	012717180495	214	Success	19
2017-03-30 15:08:51	014747426701	229	ShortCall	2
2017-03-30 15:09:28	019232320146	214	Success	161
2017-03-30 15:09:40	012838743280	212	Success	195
2017-03-30 15:09:25	012717161042	224	Success	17
2017-03-30 15:09:57	014999920925	216	Success	116
2017-03-30 15:11:10	014747467444	205	Success	503
2017-03-30 15:11:42	012717165076	215	Success	34
2017-03-30 15:11:44	012717328747	206	Success	285
2017-03-30 15:12:36	017898965223	216	Success	14
2017-03-30 15:12:30	017898930700	225	Success	26
2017-03-30 15:13:04	013857552261	214	Success	56
2017-03-30 15:13:25	013939353842	224	Success	11
2017-03-30 15:13:37	014959561355	229	ShortCall	3
2017-03-30 15:14:03	012717147418	224	Success	26
2017-03-30 15:14:09	012787326736	216	Success	275
2017-03-30 15:14:06	014744031372	229	ShortCall	4
2017-03-30 15:14:34	017898960314	212	ShortCall	3
2017-03-30 15:15:07	013757580100	214	ShortCall	3
2017-03-30 15:15:08	012717161646	229	ShortCall	6
2017-03-30 15:15:41	014999261110	212	Success	22
2017-03-30 15:16:37	013724260125	226	Success	493
2017-03-30 15:16:45	014959658287	229	Success	37
2017-03-30 15:16:47	012969620749	212	Success	147
2017-03-30 15:16:47	013857552310	215	Success	12
2017-03-30 15:17:01	014579470252	228	Success	60
2017-03-30 15:17:04	017898931832	206	Success	74
2017-03-30 15:17:25	019232377394	213	ShortCall	7
2017-03-30 15:18:23	014747469865	229	ShortCall	5
2017-03-30 15:18:11	012727420217	224	ShortCall	8
2017-03-30 15:18:52	014999920998	228	Success	21
2017-03-30 15:18:46	012727420899	224	Success	46
2017-03-30 15:18:44	012737370713	213	Success	39
2017-03-30 15:18:46	012717510803	206	Success	100
2017-03-30 15:18:44	013939320010	228	Success	11
2017-03-30 15:18:46	014747466181	229	Success	359
2017-03-30 15:19:55	017468435332	225	Success	64
2017-03-30 15:20:51	012717161269	224	ShortCall	7
2017-03-30 15:21:58	014747467176	224	Success	177
2017-03-30 15:22:01	012717140801	225	Success	89
2017-03-30 15:22:04	014959560804	213	Success	28
2017-03-30 15:22:36	012717162888	212	Success	31
2017-03-30 15:23:17	017898930091	206	Success	60
2017-03-30 15:23:08	012721065359	213	Success	23
2017-03-30 15:24:12	014759532841	214	ShortCall	9
2017-03-30 15:24:31	012717120582	228	ShortCall	5
2017-03-30 15:24:48	017898822169	225	Success	101
2017-03-30 15:25:02	012717368109	212	Success	12
2017-03-30 15:24:58	014959658352	215	Success	109
2017-03-30 15:24:59	014999920108	206	Success	96
2017-03-30 15:25:24	012949558074	214	Success	70
2017-03-30 15:26:02	017898551147	224	Success	176
2017-03-30 15:26:02	012798218003	212	Success	196
2017-03-30 15:26:00	013957851864	226	Success	67
2017-03-30 15:26:08	014959560685	228	Success	556
2017-03-30 15:26:06	014959561032	213	Success	160
2017-03-30 15:25:53	017898931333	228	Success	14
2017-03-30 15:28:11	012717163207	225	Success	61
2017-03-30 15:28:51	012969623982	206	Success	108
2017-03-30 15:29:04	012717166364	216	Success	228
2017-03-30 15:29:17	013877632371	229	Success	13
2017-03-30 15:29:19	014959560356	215	Success	267
2017-03-30 15:29:36	013877630345	213	Success	19
2017-03-30 15:30:50	019232334383	229	Success	159
2017-03-30 15:31:21	012717124000	225	Success	116
2017-03-30 15:31:11	012717168280	213	Success	56
2017-03-30 15:31:16	012717179433	205	Success	102
2017-03-30 15:32:20	013787821259	206	Success	542
2017-03-30 15:32:14	014999921331	212	Success	33
2017-03-30 15:32:20	014968640111	226	ShortCall	2
2017-03-30 15:32:20	012717149967	224	Success	138
2017-03-30 15:32:47	012717179524	220	Success	33
2017-03-30 15:32:52	013939351203	213	Success	276
2017-03-30 15:33:21	012717510004	226	ShortCall	1
2017-03-30 15:33:58	017898960131	225	Success	62
2017-03-30 15:33:52	012737351471	205	Success	11
2017-03-30 15:34:29	014959569119	215	Success	83
2017-03-30 15:34:31	012717515016	212	Success	17
2017-03-30 15:34:45	012787388136	229	Success	34
2017-03-30 15:34:41	013767371395	224	Success	146
2017-03-30 15:35:09	012353270356	216	Success	239
2017-03-30 15:34:56	012717173068	205	Success	17
2017-03-30 15:36:42	017898960471	229	Success	118
2017-03-30 15:36:49	012353230288	226	ShortCall	1
2017-03-30 15:37:13	017468920038	215	Success	253
2017-03-30 15:37:18	012717122605	205	Success	78
2017-03-30 15:37:23	017898960691	226	Success	43
2017-03-30 15:37:43	017468430650	228	Success	41
2017-03-30 15:39:30	012737351552	205	Success	82
2017-03-30 15:39:47	012717390052	229	Success	74
2017-03-30 15:40:05	012717120777	212	ShortCall	8
2017-03-30 15:40:33	014744031828	216	Success	193
2017-03-30 15:40:23	014959658067	225	ShortCall	3
2017-03-30 15:40:52	012717390036	228	Success	539
2017-03-30 15:40:57	017468431809	212	Success	22
2017-03-30 15:40:57	012717168373	225	Success	58
2017-03-30 15:41:09	014999260933	205	Success	74
2017-03-30 15:41:09	012717163130	205	ShortCall	2
2017-03-30 15:41:30	013767620729	229	Success	39
2017-03-30 15:42:16	014747464246	226	Success	30
2017-03-30 15:42:21	012717124980	225	Success	23
2017-03-30 15:42:47	017898934094	229	Success	499
2017-03-30 15:43:01	014959560809	205	Success	34
2017-03-30 15:43:37	019232334944	214	Success	93
2017-03-30 15:44:14	014747421909	215	Success	101
2017-03-30 15:44:46	014959566255	225	Success	24
2017-03-30 15:45:19	014959688912	205	Success	360
2017-03-30 15:45:15	012717125572	226	Success	36
2017-03-30 15:45:53	017898931638	212	Success	167
2017-03-30 15:45:51	014959563005	216	Success	92
2017-03-30 15:46:20	014747252046	215	Success	30
2017-03-30 15:46:10	012717168959	224	Success	28
2017-03-30 15:47:56	014744032673	224	ShortCall	8
2017-03-30 15:48:32	019232372593	206	Success	71
2017-03-30 15:48:45	017468970100	216	Success	216
2017-03-30 15:49:12	012727240950	224	Success	52
2017-03-30 15:49:10	017468810049	213	Success	61
2017-03-30 15:49:37	017898961149	214	Success	50
2017-03-30 15:49:41	012717160273	215	Success	63
2017-03-30 15:49:48	014959563054	212	Success	15
2017-03-30 15:50:18	012323245916	225	ShortCall	6
2017-03-30 15:50:59	014959561672	215	ShortCall	1
